<?xml version="1.0"?>
<?xml-stylesheet type="text/xsl" href="configuration.xsl"?>

<!-- Licensed to the Apache Software Foundation (ASF) under one or more       -->
<!-- contributor license agreements.  See the NOTICE file distributed with    -->
<!-- this work for additional information regarding copyright ownership.      -->
<!-- The ASF licenses this file to You under the Apache License, Version 2.0  -->
<!-- (the "License"); you may not use this file except in compliance with     -->
<!-- the License.  You may obtain a copy of the License at                    -->
<!--                                                                          -->
<!--     http://www.apache.org/licenses/LICENSE-2.0                           -->
<!--                                                                          -->
<!-- Unless required by applicable law or agreed to in writing, software      -->
<!-- distributed under the License is distributed on an "AS IS" BASIS,        -->
<!-- WITHOUT WARRANTIES OR CONDITIONS OF ANY KIND, either express or implied. -->
<!-- See the License for the specific language governing permissions and      -->
<!-- limitations under the License.                                           -->

<configuration>
            
  <property>
    <name>hive.metastore.uris</name>
    <value>thrift://ip-192-168-47-199.ap-south-1.compute.internal:9083</value>
    <description>JDBC connect string for a JDBC metastore</description>
  </property>



  <property>
    <name>javax.jdo.option.ConnectionUserName</name>
    <value>hive</value>
    <description>username to use against metastore database</description>
  </property>

  <property>
    <name>javax.jdo.option.ConnectionPassword</name>
    <value>hive</value>
    <description>password to use against metastore database</description>
  </property>
        
                  <property>
            <name>hive.server2.thrift.url</name>
            <value>jdbc:hive2://ip-192-168-47-199.ap-south-1.compute.internal:10000</value>
          </property>

  <property>
    <name>hive.metastore.connect.retries</name>
    <value>15</value>
  </property>

  <property>
    <name>hive.metastore.client.factory.class</name>
    <value>com.amazonaws.glue.catalog.metastore.AWSGlueDataCatalogHiveClientFactory</value>
  </property>
            
    
    </configuration>
